{"repoSenseVersion":"451f11b74c","reportGeneratedTime":"Sat Apr 3 08:19:55 2021 UTC","reportGenerationTime":" 18.79 second(s)","zoneId":"Etc/UTC","reportTitle":"RepoSense Report","repos":[{"location":{"location":"https://github.com/reposense/testrepo-Charlie.git","repoName":"testrepo-Charlie","organization":"reposense"},"branch":"master","displayName":"reposense/testrepo-Charlie[master]","outputFolderName":"reposense_testrepo-Charlie_master"}],"errorList":[],"sinceDate":"2016-08-07","untilDate":"2021-04-03","isSinceDateProvided":true,"isUntilDateProvided":false}
