{"repoSenseVersion":"451f11b74c","reportGeneratedTime":"Sat Apr 3 08:14:52 2021 UTC","reportGenerationTime":" 7.15 second(s)","zoneId":"Etc/UTC","reportTitle":"RepoSense Report","repos":[{"location":{"location":"https://github.com/reposense/RepoSense.git","repoName":"RepoSense","organization":"reposense"},"branch":"master","displayName":"reposense/RepoSense[master]","outputFolderName":"reposense_RepoSense_master"}],"errorList":[],"sinceDate":"2021-03-03","untilDate":"2021-04-03","isSinceDateProvided":false,"isUntilDateProvided":false}
